Cегмент ЦА,Ключевая проблема компании,Ключевые потребности компании,Решение для компании,Ключевая фича,Последствия для компании,Должности,Проблемы человека,Прямая речь,Потребности человека,Решение для человека,Ключевая Фича,Описание фичи,Последствия для человека
EdTech,«Слив» дорогих лидов и перегрузка руководителей,Масштабируемая «песочница» для практики, Голосовой AI-тренажер для массовых тренировок,«Замкнутый цикл обучения» (автоматический импорт реальных звонков → AI-анализ → авто-генерация и назначение тренировки на основе выявленных ошибок),Сокращение срока окупаемости менеджера,Собственник / Основатель,Новички тренируются на горячих лидах и сжигают маркетинговый бюджет,,Масштабирование без раздувания ФОТ тренеров; защита маржинальности каждого «запуска»,"Система, которая гарантирует, что каждый лид будет обработан по стандарту, независимо от опыта менеджера",Масштабируемая платформа (Безлимит по сотрудникам и минутам),Весь отдел (хоть 1000 человек) тренируется одновременно за фиксированную стоимость без доплат за каждого нового сотрудника,"Рост прибыли и стабильность бизнеса; уверенность, что инвестиции в рекламу окупятся за счет высокой конверсии"
,,,,,,Коммерческий директор,"Субъективная оценка продаж («кажется, могли бы лучше»); невозможность предсказать выручку из-за разного уровня подготовки команд",,Объективные данные и оцифровка навыков каждого сотрудника для прогнозирования конверсии,Автоматический скоринг по 25 параметрам диалога и аналитика «слабых зон» в воронке продаж,"Конструктор аналитики и кастомные дашборды. Оцифровка прогресса команды по 25 параметрам диалога. Вы видите не просто «статус в CRM», а реальную готовность менеджеров «дожимать» чеки","Оцифровка прогресса команды по 25 параметрам диалога. Вы видите не просто «статус в CRM», а реальную готовность менеджеров «дожимать» чеки",Рост продаж на 12–18% и прозрачность всех процессов в коммерческом департамент
,,,,,,Руководитель отдела продаж,"«День сурка»: тратит по 10 часов в неделю на рутинные «ролевки» с новичками, объясняя базовые возражения EdTech («дорого», «я подумаю»)","Мы заливаем трафиком отдел продаж, но на выходе получаем дырявое ведро. Менеджеры просто не ""прогревают"" клиентов, они работают как операторы справочной службы

«Моя главная боль — это ""черный ящик"" звонков. Я вижу в CRM статус ""отказ"", но я не знаю, почему он случился»",Избавиться от рутины и автоматизировать тренировку скриптов,"Цифровой двойник-наставник, который забирает на себя 80% тренировочной работы",Назначение тренировок с ИИ-тренером и авто-создание сценариев,"Система становится «цифровым двойником» РОПа. Она сама слушает звонки и назначает тренировки, освобождая ваше время для стратегии и VIP-сделок",Освобождение времени на стратегию; сокращение периода адаптации сотрудников в 2 раза
,,,,,,Руководитель группы продаж,"Высокая текучка «малышей»-зумеров (до 24 лет), которые боятся негатива и «закрывают программу» после первой же неудачи",,"Безопасная «песочница», где новички могут ошибаться и «набивать шишки» без риска для прибыли и самооценки",Реалистичные симуляции с ИИ-клиентами для ежедневной «разминки» перед звонками,Геймификация и Лидерборд,"Превращение обучения в игру. Менеджеры соревнуются в рейтинге, «набивают шишки» на ИИ-клиенте и выходят на линию уверенными, не боясь негатива",Снижение страха звонков; менеджеры выходят на линию «готовыми молоть языком» уже с первой встречи
,,,,,,HR-Директор (HRD),"Дорогой найм; сложно быстро отсеять тех, кто не умеет говорить, до этапа стажировки","«Мы тратим на обучение новичка две недели, а он уходит через месяц, потому что не может выучить тридцать линеек курсов и постоянно путается в офферах»",Инструмент для объективного отсева кандидатов на входе и стандартизация обучения во всей компании,Использование тренажера как этапа воронки найма (тест-колл с ИИ),Использование в рекрутинге (Тест-колл),"Автоматический фильтр на входе: кандидат проходит три звонка с ИИ, и система выдает балл. Вы нанимаете только тех, кто реально «умеет молоть языком»","Снижение стоимости найма; в команду попадают только те, кто реально способен продавать"
,"При стоимости лида в 1500–3000 рублей менеджер, не умеющий отрабатывать возражения, может «сливать» до 10 заявок в день, что приносит компании огромные убытки",,,,,Руководитель отдела обучения (L&D),"Традиционные LMS (тесты/видео) не учат говорить; менеджеры знают продукт, но «заикаются» на возражениях в живом бою",,Инструмент для отработки практических навыков речи и «мышечной памяти» диалога,"Голосовой симулятор, моделирующий реальных покупателей EdTech (скептики, прагматики, конфликтные)",Автоматическое создание Roadmap (плана развития),Система сама формирует персонализированную программу обучения для каждого менеджера на основе его слабых зон в разговоре,Высокое качество обучения; отказ от бесполезных текстовых форматов в пользу живой практики
,"Стажеры долго входят в процесс и вынуждены совершать ошибки на реальных покупателях, так как другой практики не предусмотрено","Нужно подготовить сотрудников за 3–5 дней (особенно под «запуски»), чтобы они были «готовы молоть языком» уже с первой встречи","Сервис заменяет ручной труд РОПа, забирая на себя рутинную отработку скриптов и возражений","Почему это важно: В EdTech огромный поток звонков и высокая цена лида (до 3000 руб.). Система сама находит, где менеджер «слил» рассрочку или не отработал возражение «дорого», и заставляет его тут же попрактиковаться на ИИ, а не на следующем клиенте",Срок адаптации и выхода на плановые показатели сокращается в 2 раза (с 3 месяцев до 2–3 недель),Директор корпоративного университета,Невозможность масштабировать качественное наставничество на тысячи человек без потери стандартов,,Единый гибкий технологический «движок» для обучения Soft Skills и стандартам коммуникации во всей организации,Enterprise-платформа с API для интеграции в общую экосистему обучения компании,Упаковка интеграции по API и разграничение ролей/филиалов,"Бесшовная интеграция в IT-контур компании (SSO, CRM). Вы управляете стандартами речи всей сети из одного кабинета",Единый стандарт качества во всех департаментах; резкое сокращение времени на запуск новых обучающих программ
,"Руководители тратят до 10 часов в неделю на однотипные «ролевки» с новичками, что «отжирает» время от стратегических задач",При массовом найме (до 100 человек в месяц) групповых ролевок недостаточно — каждому нужна персональная отработка навыков,"ИИ моделирует поведение типичных клиентов EdTech (скептики, «я подумаю», вопросы про рассрочку), позволяя наработать «мышечную память» диалога",,За счет качественной отработки «дожима» и возражений конверсия из заявки в оплату растет (кейсы показывают рост до +113% в холодных продажах),Директор по ИИ,"Внутренние ИИ-разработки идут медленно, стоят миллионы и часто «загибаются», не дойдя до старта",,"Готовое рыночное решение, которое можно быстро запилотировать и кастомизировать под свои задачи",Платформа Lexis Voice с возможностью гибкой настройки промптов и интеграции по API,Автогенерация промтов и гибкий «движок»,"Готовое решение с гибкой настройкой. Вы просто загружаете методологию, а наш «движок» обеспечивает реалистичное распознавание и синтез речи","Быстрый успех ИИ-инициативы (за недели, а не годы); статус «инноватора», внедрившего работающую технологию"
,Молодые сотрудники («зумеры») часто боятся негатива и «закрывают программу» при первых же неудачах в разговоре,"Сотрудникам необходимо место, где можно «психануть» или ошибиться, не рискуя прибылью компании и не получая «по голове» от руководителя","Автоматическая оценка 25 параметров диалога позволяет точно знать, когда новичок готов к выходу на линию",,"Внедрение окупается в первый же месяц за счет спасенных лидов, которые раньше были бы потеряны неопытными сотрудниками",Менеджер по инновациям,"Предыдущие попытки (например, VR) оказались слишком дорогими и сложными для массового использования (нужны очки, ресурсы)",,"Доступная альтернатива VR, которая дает такой же эффект изменения поведения, но работает в браузере","Голосовой AI-тренажер, доступный на любом устройстве, обеспечивающий эффект «погружения» в реальный диалог",Тренировки видео-звонков и работа через браузер,"Тот же эффект погружения и изменения поведения, что и в VR, но без покупки очков. Доступно с любого ноутбука или смартфона",Успешное масштабирование инновации на весь штат (включая удаленщиков); измеримый ROI от внедрения технологий
FinTech,«Диктатура комплаенса» и риски регулятора, 100% контроль качества в масштабе,"AI-симулятор с жестким контролем сценариев
",«Контроль качества» (включая «Автоматическое создание сценариев из реальных звонков»),Безопасность бизнеса и рост эффективности,Собственник / Основатель,Риск потери бизнеса или лицензии из-за системных нарушений речевого комплаенса менеджерами. Огромные расходы на найм в условиях «рынка кандидата»,,Защита бизнеса от штрафов ЦБ РФ. Снижение зависимости от дефицитного линейного персонала,"Масштабируемая система, гарантирующая 100% соблюдение стандартов общения всеми сотрудниками",Масштабируемая платформа (Безлимит по сотрудникам и минутам),Гарантированная «прошивка» стандартов общения во всей сети (хоть 10 000 операторов) без роста затрат на ФОТ контролеров,Безопасность бизнеса и стабильный рост без раздувания ФОТ на обучение
,,,,,,Коммерческий директор,"Потеря LTV (пожизненной ценности клиента) из-за «скриптоедов» — менеджеров, которые общаются механически и убивают лояльность","«Проблема в том, что скрипт в финтехе — это юридический документ. Одно неверное слово — и мы под ударом. Контролеры физически не могут отслушать всё»

«Менеджеры часто ""срезают углы"", чтобы выполнить KPI... Они не говорят клиенту о рисках. Это мина замедленного действия»",Переход от «впаривания» к экспертному консультированию. Объективная оцифровка навыков всей команды,"Автоматический скоринг звонков по 25 параметрам, включая интонацию и скорость речи",Конструктор аналитики и Возможность кастомизации дэшбордов,"Оцифровка коммуникативных навыков команды (эмпатия, скорость речи, работа с возражениями) для прогноза выручки", Рост конверсии в продажи до 18% и сокращение периода окупаемости сотрудника
,,,,,,Руководитель отдела продаж,"Личная перегрузка: тратит до 10 часов в неделю на «ролевки», объясняя одно и то же новичкам",,Избавиться от рутины «тушения пожаров». Быстро выводить новичков на план (за 2–3 недели вместо 3 месяцев),"Цифровой двойник-наставник, который берет на себя 80% тренировочной нагрузки и автоматически назначает задания",Назначение тренировок с ИИ-тренером ,"ИИ сам находит ошибки в звонках и назначает тренировки, заменяя ручной труд наставника",Освобождение времени на стратегию. Рост числа обработанных лидов на 78%
,,,,,,Руководитель группы продаж,Менеджеры легко соглашаются на невыгодные условия или не соблюдают стратегию переговоров (особенно в МФО/коллекшене),,Инструмент для отработки «жестких» скриптов и ФЗ-230 без риска для реальных клиентов,"Реалистичные ИИ-симуляции «сложных» клиентов (скептики, недовольные, торгующиеся)",Методологии поведения клиентов по отраслям,Реалистичные симуляции «токсичных» или скептичных клиентов FinTech для наработки «мышечной памяти»,"Менеджеры выходят на линию уверенными, наработав «мышечную память» на ИИ, а не на живой базе"
,,,,,,HR-Директор (HRD),Высокая текучка (в АКЦ до 3–4 месяцев) и стоимость найма (CAC),,"Объективный отсев кандидатов на входе («тест-колл»), чтобы не тратить бюджет на профнепригодных",Использование тренажера как этапа воронки найма для оценки практических навыков речи,Использование в рекрутинге (Тест-колл),"Автоматический фильтр: кандидат проходит диалог с ИИ, а система оценивает его пригодность к работе на линии","Снижение стоимости найма. Рост качества стажеров, выходящих на обучение"
,"Введение клиента в заблуждение может привести к системным нарушениям, выявленным регулятором (ЦБ РФ), и последующему отзыву лицензий или огромным штрафам",,,,,Руководитель отдела обучения (L&D),Традиционные LMS (тесты/SMS-тренинги) не учат говорить и часто вызывают отторжение («токсичный позитив»),,"Обучение навыкам голосом, а не текстом. Персонализация: учить только тому, что «западает» у конкретного менеджера",Автоматическая генерация тренировок на основе ошибок в реальных звонках сотрудника,Автоматическое создание roadmap (плана развития),Индивидуальный путь развития для каждого сотрудника на основе его реальных «залетов» в звонках,Эффективное обучение Soft Skills. Отказ от бесполезной теории в пользу реальной практики
,"Менеджеры часто общаются механически, «читая с листа», что убивает лояльность клиентов и мешает переходу к экспертному консультированию",Потребность в автоматизированном отсеве профнепригодных кадров на этапе обучения или найма («репетиция экзамена»),"ИИ-клиенты имитируют разные типы личностей (скептики, аналитики, раздраженные), заставляя менеджера придерживаться стратегии переговоров в любой ситуации","Почему это важно: Службы качества банков физически успевают прослушать лишь 1–2% звонков, что создает «серую зону» и риск «залетов» под проверку регулятора. Автоматизация этого процесса позволяет контролировать 100% диалогов на предмет соблюдения юридически значимых формулировок","Гарантия соблюдения стандартов комплаенса, что минимизирует риски при проверках регулятором",Директор корпоративного университета,Невозможность контролировать качество наставничества при массовом переводе операторов на удаленку,,Единый гибкий технологический «движок» для обучения Soft Skills и стандартам коммуникации во всей организации,Enterprise-платформа с API для интеграции в общую экосистему обучения компании,Актуализация ролей в рамках платформы и разграничение филиалов,Централизованное управление стандартами речи во всех департаментах и региональных офисах банка,Единый стандарт качества во всех департаментах; резкое сокращение времени на запуск новых обучающих программ
,"Из-за колоссального объема звонков (более 50 млн в месяц в банковском секторе) службы качества физически успевают прослушать лишь 1–2% диалогов, что делает контроль качества фрагментарным и неэффективным","Переход от интуитивной оценки («кажется, могли бы лучше») к четким метрикам по каждому менеджеру","Автоматическая оценка 25 параметров диалога, включая соблюдение обязательных юридических формулировок и интонационный анализ",,Срок выхода новичка на плановые показатели сокращается в 2 раза (с 3 месяцев до 2–3 недель),Директор по ИИ,Внутренние разработки (In-house) часто не стартуют или буксуют из-за нехватки команд и денег,"«Нам не нужны просто текстовые транскрипты. Нам нужно извлекать из речи инсайты: почему клиент отказался от карты? Был ли это вопрос цены или удобства приложения?». 

 «Интеграция сторонних решений часто превращается в ад из-за требований безопасности. Нам нужно On-premise решение»","Быстрый запуск пилота с готовым рыночным продуктом, чтобы показать результат директорам","Гибкий технологический «движок» Lexis Voice, готовый к кастомизации под банковскую методологию",Создание on-prem решения,"Развертывание Lexis Voice в закрытом контуре банка, что снимает барьеры службы безопасности и ИБ",Успешный запуск ИИ-инициативы за несколько недель. Сокращение затрат на внутреннюю разработку
,В сфере взыскания (МФО и коллекшн) малейшее отклонение от закона при работе с эмоциями клиента влечет за собой серьезные правовые последствия,"Возможность отрабатывать «жесткие» и чувствительные темы (отказ, просрочка, сложные финансовые условия) без риска для репутации банка и реальных клиентов","Система анализирует реальные звонки, выявляет ошибки («залеты») и автоматически назначает тренировку именно на эти «западающие» зоны",,"Руководители освобождают до 10 часов в неделю, которые раньше тратились на рутинную «отслушку» и ролевки",Менеджер по инновациям,Предыдущие попытки обучения через VR были слишком дорогими и сложными для масштабирования (нужны очки),,"Найти решение, дающее эффект изменения поведения (как VR), но работающее в обычном браузере",Голосовой симулятор с эффектом полного погружения в нелинейный диалог,Реализация тренировок видео-звонков,Эффект глубокого погружения и долгосрочного закрепления навыка без необходимости закупки очков,Масштабирование инновационной технологии на 100% штата при контролируемом бюджете
Медицина и эстетическая медицина,«Администратор-справочник» и упущенная выгода,"Автоматизация «дожима» без участия руководителя. Клиникам нужно готовое решение, которое научит персонал не просто консультировать, а продавать услуги и отрабатывать возражения",Голосовой AI-тренажер как цифровой наставник,«Контроль качества» (с фокусом на детектирование «закрытия» на прием).,Рост конверсии и высвобождение ресурса,Собственник / Основатель,"Перегрузка личным обучением персонала; убытки из-за того, что администраторы «сливают» звонки",,"Разгрузить себя от рутины; создать систему, где персонал продает услуги, а не просто дает справки",Автоматизация обучения навыкам «дожима» без личного участия владельца,Масштабируемая платформа (Безлимит по сотрудникам и минутам),Возможность обучать администраторов всех смен и врачей за фиксированную стоимость без вашего личного участия,Безопасность бизнеса и рост прибыли за счет превращения администраторов в продавцов
,,,,,,Коммерческий директор,Долгая адаптация «зеленых» новичков (до полугода); фокус персонала на теории вместо практики продаж,,Оцифровка навыков команды; рост конверсии из звонка в запись на прием,"Объективная аналитика по 25 параметрам диалога и отработка возражений («дорого», «я подумаю»)",«Конструктор аналитики» и «Возможность кастомизации дэшбордов»,"Объективная оценка по 25 параметрам: вы видите, кто из сотрудников реально продает планы лечения, а кто просто консультирует",Сокращение срока окупаемости сотрудника в 2 раза; прозрачность продаж
,,,,,,Руководитель отдела продаж,Тратит до 10 часов в неделю на однотипные ролевки и прослушивание звонков,"«Наши администраторы — это просто ""говорящие головы"". Они называют цену и кладут трубку. Они не понимают, что каждый звонок стоит нам 3000 рублей маркетингового бюджета»

«Мне нужно видеть, кто из администраторов реально ""закрывает"" на прием, а кто просто консультирует. Сейчас это ""серая зона""».","Знать точно, когда новичок готов к реальным пациентам; освободить время для стратегии","Цифровой двойник-наставник, который берет на себя 80% тренировочной работы",«Назначение тренировок с ИИ-тренером»,"ИИ-наставник сам находит ошибки и назначает тренировки по конкретным этапам (например, отработка возражения «дорого»)",Экономия времени РОПа; повышение управляемости команды
,,,,,,Руководитель группы продаж,Администраторы молчат после называния цены; страх сотрудников перед сложными пациентами,,"Безопасная среда («песочница»), где можно ошибаться без риска для репутации клиники","Реалистичные ИИ-клиенты (скептики, прагматики, недовольные) для отработки коммуникации","«Геймификация» и «Выявление лучших и худших сотрудников, создание лидерборда»","Безопасная «песочница», где админ может ошибиться на боте, а не на реальной прибыли, соревнуясь с коллегами за лучший балл",Менеджеры выходят на линию уверенными и «готовыми молоть языком
,,,,,,HR-Директор (HRD),Высокая стоимость найма и текучка; сложно оценить голос и навыки общения на собеседовании,"«Главный барьер — это убеждение сотрудников, что ""медицина — это не торговля"". Нам нужно внедрять скрипты так, чтобы они выглядели как забота о пациенте»

«Текучка администраторов огромная. Нам нужен инструмент, который будет подсказывать им прямо в ухо, что ответить на сложное возражение»",Инструмент для объективного отсева кандидатов еще до приема на работу,Использование тренажера как «тест-колла» на этапе воронки рекрутинга,«Использование в рекрутинге (Тест-колл)»,"Автоматический отсев: кандидат проходит звонок с ИИ-пациентом, а вы видите его балл за «эмпатию» и «активность»",Снижение рисков найма «слабых» сотрудников; экономия бюджета на подбор
,,,,,,Руководитель отдела обучения (L&D),Видео и тесты не учат говорить; традиционные LMS вызывают у сотрудников отторжение,,"Обучение практическим навыкам речи голосом, а не чтением скриптов с экрана",Голосовой симулятор для отработки Soft Skills и навыков презентации планов лечения,«Автоматическое создание roadmap (плана развития)»,Индивидуальный путь обучения для врачей и админов на основе их реальных ошибок в разговорах с пациентами,Высокая вовлеченность в обучение; долгосрочный эффект изменения поведения
,"Если пациент сам не проявляет инициативу, разговор заканчивается фразой «спасибо, до свидания», и клиника теряет деньги на каждом таком звонке","Руководитель хочет «разгрузить» себя, чтобы сотрудников учил кто-то другой, а не он лично","Фокус на конкретных навыках — не молчать в трубку, развивать диалог и закрывать пациента на запись","Почему это важно: Главная боль клиник — это администратор-справочник, который называет цену и замолкает. Автоматизированный контроль позволяет отслеживать 100% звонков и выявлять, на каком этапе теряется пациент, превращая «серую зону» в понятные данные для роста выручки","Пассивные администраторы превращаются в активных продавцов, что ведет к росту конверсии из входящего звонка в запись на прием",Директор корпоративного университета,Сложность масштабирования обучения на сеть филиалов; отсутствие единого стандарта речи,,"Гибкий технологический «движок», интегрированный в CRM (например, US-телефонию)","Платформа с открытым API, конструктором сценариев и поддержкой SSO/SCORM",«Актуализация ролей в рамках платформы и разграничение филиалов»,Единый «голос бренда» и централизованное управление сценариями для всех клиник сети,Единый стандарт сервиса во всей сети клиник; снижение издержек на инфраструктуру
,"Владельцы или РОПы клиник «зашиваются», тратя по полгода на ручное обучение «зеленых» новичков, так как у них нет готовой системы наставничества","Нужна среда, где администраторы и кураторы могут наработать «мышечную память» диалога и перестать бояться сложных вопросов пациентов","ИИ-клиенты моделируют поведение разных типов пациентов (скептиков, недовольных, экономных), позволяя сотрудникам тренироваться на роботе, а не на живой прибыли",,"Руководитель освобождает до 10 часов в неделю, которые раньше уходили на рутинные «ролевки» и прослушивание звонков",Директор по ИИ,Внутренние разработки (In-house) идут слишком медленно и часто проваливаются,,"Готовый продукт с рынка, который можно запустить за несколько дней",Быстро внедряемое решение с реалистичным распознаванием и генерацией речи,«Упаковка интеграции по api ключу»,"Готовое решение, которое за несколько дней подключается к вашей телефонии (например, UIS) или МИС",Быстрый «пилот» и демонстрация работающей ИИ-технологии руководству
,"У малых клиник часто нет своих IT-специалистов, и руководителям некогда вникать в сложные технические решения","Требуется базовый функционал «под ключ» с поддержкой по интеграции (например, с телефонией US), чтобы не тратить время на настройку","Система оценивает звонки по чек-листам, показывая руководителю реальный уровень навыков команды без необходимости слушать каждый звонок лично",,Срок ввода новичка в строй и выхода на плановые показатели сокращается в 2-3 раза (с нескольких месяцев до 2-3 недель),Менеджер по инновациям,"Предыдущие решения (например, VR) были слишком дорогими и сложными в масштабировании",,"Найти доступную альтернативу VR, работающую в браузере и дающую тот же эффект","Голосовой тренажер, не требующий очков и оборудования, но имитирующий реальность",«Реализация тренировок видео-звонков»,Эффект погружения при отработке очных презентаций планов лечения без необходимости покупки очков,Успешное масштабирование инновации на весь штат при контролируемом бюджете
Аутсорсинговые контакт-центры,"Средний срок «жизни» оператора в АКЦ сократился до 3–4 месяцев, что создает бесконечный цикл дорогостоящего найма и обучения. На удаленке контроль превращается в «посмертный анализ»: РОП слышит ошибки только через 2 дня, когда клиент уже потерян, а проект получил штрафы за несоблюдение KPI","Автоматизация роли супервайзера и масштабируемость АКЦ жизненно необходим инструмент, способный заменить первые 20 часов работы живого тренера и обеспечить 100% контроль качества речи тысяч сотрудников без раздувания штата наставников","Голосовой AI-тренажер как «цифровой наставник» Автоматизированная система, которая берет на себя рутинную отработку скриптов под новые проекты, проводит микроаттестации и позволяет менеджерам тренироваться в «безопасной песочнице»",«Контроль качества» совместно с «Автоматическим созданием сценариев из реальных звонков»,Рост маржинальности и выживание в условиях дефицита Сокращение периода адаптации (ramp-up time) и стоимости обучения позволяет АКЦ удерживать прибыльность проектов даже при высокой ключевой ставке и росте зарпла,Собственник / Основатель,Высокая ключевая ставка (21%) делает кредиты недоступными; риск закрытия площадок из-за новых законов о маркировке звонков,,Сохранение инвестиционной привлекательности бизнеса и снижение издержек на ФОТ,"Автоматизация обучения, позволяющая расти не за счет штата, а за счет технологий",Масштабируемая платформа (Безлимит по сотрудникам и минутам),"Возможность одновременно обучать тысячи надомных операторов по фиксированной цене, не раздувая штат тренеров",Стабильность бизнеса и защита активов в условиях экономической неопределенности
,,,,,,Коммерческий директор,"Рынок растет за счет сложности проектов, а не объема; старые методы обучения не тянут сложные B2B-задачи",,Повышение ARPU (среднего чека с проекта) за счет высокого качества речи операторов,Инструмент для быстрой «прошивки» сложных нелинейных сценариев под любого заказчика,Конструктор аналитики и Кастомизация дэшбордов,Оцифровка навыков команд под каждого конкретного заказчика. Вы видите реальную эффективность в разрезе проектов,Выполнение KPI перед заказчиками и возможность брать более дорогие и сложные контракты
,,,,,,Руководитель отдела продаж,"Личная перегрузка; тратит до 10 часов в неделю на ролевки, превращаясь в «тушителя пожаров»","«Мы слушаем 1-2% записей. Это ""пальцем в небо"". Оператор может быть идеальным в этих двух звонках и хамить в остальных девяноста восьми». <br><br> «Заказчики требуют соблюдения KPI, которые мы не можем гарантировать без автоматики. Речевая аналитика — это способ не платить штрафы по SLA»",Освобождение времени для стратегии и анализа эффективности проектов,Автоматическое назначение тренировок на основе ошибок в реальных звонках,Назначение тренировок с ИИ-тренером,"ИИ-наставник забирает на себя 80% рутины, обучая новичков «прошивать» скрипт до автоматизма до выхода на линию",Экономия до 10 часов в неделю; снижение нагрузки на наставников на 50%
,,,,,,Руководитель группы продаж,На удаленке невозможно «слышать воздух»; операторы выходят на линию «сырыми» и сливают трафик,,Инструмент для удаленного контроля и быстрой подготовки новичков к запуску проекта,"Голосовая «песочница», где оператор нарабатывает мышечную память до выхода на реальный звонок",Уведомления и триггеры с аналитикой и «красными зонами»,"Система мгновенно сигнализирует о критических ошибках на удаленке, позволяя вмешаться до того, как проект уйдет в минус",Снижение числа ошибок на линии и выполнение нормативов Service Level
,,,,,,HR-Директор (HRD),Гипертрофированная зависимость от HH.ru; высокая стоимость найма при низкой квалификации кандидатов,,Объективный отсев «слабых» еще до этапа дорогостоящего обучения,Использование AI-тренажера как автоматического фильтра на этапе собеседования,Использование в рекрутинге (Тест-колл),"Автоматический фильтр на входе: кандидат проходит тест-звонок с ИИ, и вы нанимаете только тех, кто готов говорить",Снижение текучести на этапе стажировки на 25% и экономия бюджета на подбор
,,,,"Почему это важно: В АКЦ физически невозможно отслушать более 1–2% записей вручную («пальцем в небо»). Автоматизация позволяет контролировать 100% звонков, выявлять «скрипт-киллеров» и не платить штрафы заказчикам за несоблюдение SLA",,Руководитель отдела обучения (L&D),радиционные LMS (тесты) не учат говорить; сотрудники воспринимают их как «токсичный позитив»,,Переход от теории к навыковому тренингу голосом,"Голосовой симулятор, который имитирует реальных «токсичных» или «сложных» клиентов",Автоматическое создание персонализированных программ обучения,ИИ сам формирует план тренировок для оператора на основе его реальных «залетов» в диалогах с клиентами,Высокая вовлеченность персонала и реальное изменение речевого поведения
,,,,,,Директор корпоративного университета,Невозможность масштабировать стандарты на тысячи надомных операторов,,"Единый технологический стек обучения, интегрированный в CRM/WFM","Платформа с поддержкой API, SSO и SCORM для встраивания в экосистему АКЦ",Актуализация ролей и разграничение филиалов,Управление сценариями и качеством тысяч операторов из единого централизованного кабинета,Единый стандарт качества обслуживания во всей распределенной сети АКЦ
,,,,,,Директор по ИИ,Внутренние разработки («инхаус») буксуют из-за нехватки команд и денег,,"Готовое решение с рынка, которое можно запустить за несколько дней",Проверенный движок распознавания и генерации речи с гибкими промптами,Создание on-prem решения,"Развертывание системы в закрытом ИТ-контуре АКЦ, что исключает риски утечки данных заказчиков",Быстрая демонстрация успеха ИИ-стратегии перед акционерами
,,,,,,Менеджер по инновациям,Предыдущие попытки с VR оказались слишком дорогими для массового масштабирования (нужны очки),,"Доступная альтернатива, дающая эффект погружения без спец. оборудования","Браузерный тренажер, работающий на любом ПК оператора (даже на домашнем",Реализация тренировок видео-звонков,Эффект глубокого погружения в диалог через обычный браузер на домашнем ПК оператора,Масштабирование инновации на 100% штата при контролируемом бюджете
Недвижимость и строительство,"«Страх чека» и слив дорогих лидов Менеджеры-новички часто испытывают психологический барьер при озвучивании стоимости объекта в десятки миллионов рублей и теряются при работе со сложными возражениями инвесторов. Из-за долгого цикла сделки руководитель может понять, что менеджер профнепригоден, только через 3–4 месяца, когда бюджет на лиды уже потрачен впустую","Сокращение срока окупаемости (Ramp-up time) Застройщикам и агентствам нужно, чтобы менеджер начинал приносить брони уже в первый месяц работы, а не «грелся» по полгода. Необходим инструмент для наработки мышечной памяти в переговорах, который позволит менеджеру выйти к реальному покупателю уже «прожженным» бойцом","Голосовой AI-симулятор для сложных сделок Lexis Voice моделирует нелинейные диалоги с разными психотипами (инвестор-прагматик, скептичный покупатель первички) и заставляет менеджера практиковать презентацию ценности, а не просто «зачитывать буклет»",«Замкнутый цикл обучения» (автоматический импорт звонков → AI-анализ → авто-назначение тренировки). ,"Рост конверсии в бронь и экономия ФОТ Срок адаптации сокращается в 2 раза. РОПы освобождают до 10 часов в неделю, а команда начинает продавать на 12–18% эффективнее за счет уверенной отработки возражений по цене и ипотечным программам",Собственник / Основатель,Высокий риск потери прибыли из-за низкой квалификации команды; дорогой найм,,Прозрачность навыков отдела продаж и защита инвестиций в маркетинг,"Система, гарантирующая единый стандарт качества общения с клиентами во всех филиалах",«Масштабируемая платформа (Безлимит по сотрудникам и минутам)»,Единый стандарт качества общения во всех офисах продаж (хоть 1000 агентов) при фиксированном бюджете.,Стабильность выручки и снижение зависимости от «звезд» продаж
,,,,,,Коммерческий директор,Непредсказуемость воронки продаж; менеджеры «заикаются» при обсуждении условий сделки,,Оцифровка навыков команды для точного прогнозирования выручки,"Аналитическая панель с автоматическим выявлением «слабых звеньев», которые тянут конверсию вниз",«Конструктор аналитики» и «Возможность кастомизации дэшбордов»,Прозрачная отчетность: вы видите реальную готовность каждого менеджера закрывать сделки на десятки миллионов.,Рост продаж на 12–18% за счет системного улучшения качества переговоров
,,,,,,Руководитель отдела продаж,"Тратит до 10 часов в неделю на «ролевки»; новички портят базу, пока учатся",,"Автоматизировать рутину и обучать менеджеров голосом, а не по бумажке","Цифровой наставник, который забирает на себя 80% тренировок и проверку скриптов",«Назначение тренировок с ИИ-тренером»,"Цифровой наставник сам находит ошибки и тренирует новичков до автоматизма, освобождая время РОПа для дожима крупных сделок.",Высвобождение времени на стратегию; быстрый выход новичков на план
,,,,,,Руководитель группы продаж,"«Боязнь чека» у сотрудников; игнорирование доп. услуг (парковки, кладовые)",,Безопасная «песочница» для тренировки допродаж и сложных переговоров,"Реалистичные ИИ-клиенты, которые «не подыгрывают» и обучают настойчивости",«Методологии поведения клиентов по отраслям»,Реалистичные сценарии с «вредными» покупателями премиальной недвижимости для утренних разминок команды.,Менеджеры выходят на звонок уверенными и не боятся называть высокие цены
,,,,,,HR-Директор (HRD),Острый дефицит кадров; сложно отличить «говоруна» от реального продавца на интервью,,Инструмент для объективного отсева кандидатов через «тест-драйв» звонка,Использование тренажера как этапа воронки найма (оценка 25 параметров речи),«Использование в рекрутинге (Тест-колл)»,"Автоматический фильтр: кандидат проходит звонок с ИИ-покупателем, и вы нанимаете только тех, кто реально умеет продавать.","Снижение стоимости найма; в компанию попадают только те, кто умеет убеждать"
,,,,"Это позволяет мгновенно исправлять ошибки в презентации объектов, не дожидаясь конца месяца.
",,Руководитель отдела обучения (L&D),SMS-тренинги и тесты не учат говорить; сотрудники воспринимают теорию как формальность,,Навыковый тренинг в формате реального диалога с ИИ,"Голосовой симулятор, который дает мгновенную обратную связь после каждого «звонка»",«Автоматическое создание roadmap (плана развития)»,Система сама строит путь обучения менеджера на основе его реальных провалов в переговорах с клиентами.,Реальное изменение речевого поведения сотрудников и рост CSI
,,,,,,Директор корпоративного университета,Сложность контроля качества обучения при наличии удаленных сотрудников,,Единая технологическая платформа для масштабирования стандартов,Платформа с интеграцией в CRM и поддержкой SSO для обучения тысяч человек,«Актуализация ролей в рамках платформы и разграничение филиалов»,Централизованное управление скриптами и качеством речи во всех точках контакта с клиентом.,Единый «голос бренда» и стандартизация сервиса во всей компании
,,,,,,Директор по ИИ,Внутренние проекты по ИИ часто проваливаются из-за нехватки команд и денег,,"Готовое решение с рынка, которое можно внедрить за несколько дней",Платформа Lexis Voice с готовым «движком» распознавания и гибкой настройкой,«Автогенерация промтов» и «Реализовать контекст по продукту компании»,"Готовый гибкий «движок», который легко наполняется спецификой ваших объектов (ЖК, планировки) через простые настройки.",Быстрая демонстрация успеха ИИ-инициативы руководству
,,,,,,Менеджер по инновациям,Обучение через VR стоит слишком дорого для масштабирования на всех,,"Найти доступную альтернативу, дающую такой же эффект погружения","Голосовой AI-тренажер, работающий в браузере без спец. оборудования",«Реализация тренировок видео-звонков»,Эффект глубокого погружения в диалог (как в VR) через обычный браузер для отработки очных встреч в офисе продаж.,Успешное масштабирование инновационной технологии с понятным ROI
Дилерские центры,"«Слив» высокомаржинальных допов и «боязнь чека» Менеджеры часто игнорируют предложение аксессуаров, страховок и сервисных планов, чтобы «не спугнуть» клиента, хотя основная маржа заложена именно в них. Новички также испытывают психологический барьер при озвучивании цен в несколько миллионов рублей","Отработка экспертных продаж без отрыва от шоурума Традиционные ролевки отвлекают персонал от торгового зала и не позволяют имитировать «сложных» или «токсичных» клиентов, с которыми менеджеры сталкиваются в реальности. Дилерам нужен инструмент для наработки «мышечной памяти» на нелинейных сценариях","Голосовой AI-симулятор для отработки возражений и допродаж Система позволяет сотни раз отработать «скрипт на отказ» или презентацию дорогого продукта с ИИ-клиентом, который имитирует разные психотипы. Это дает возможность тренировать навыки допродаж (VAS) без риска для реальной сделки",«Замкнутый цикл обучения» (автоматический импорт звонков → AI-анализ → авто-назначение тренировок на основе ошибок в реальных диалогах),"Рост маржинальности каждой сделки За счет уверенной отработки возражений и предложения дополнительных продуктов растет средний чек. Срок адаптации новых сотрудников сокращается в 2 раза, что критично при средней зарплате в отрасли 125–130 тыс. руб.",Собственник / Основатель,Риск потери инвестиций из-за ошибок менеджеров в сделках на 3–5 млн руб,,"Гарантия того, что каждый лид будет обработан экспертно и по стандарту.","Платформа, создающая единый стандарт качества общения во всей дилерской сети",«Масштабируемая платформа (Безлимит по сотрудникам и минутам)»,Единый стандарт качества общения во всей дилерской сети (хоть 1000 менеджеров) при фиксированном бюджете,Стабильность выручки и защита бизнеса от «человеческого фактора»
,,,,,,Коммерческий директор,Низкая доля продаж доп. оборудования и страховок (VAS).,,Оцифровка навыков команды для точного прогноза прибыли с каждого авто.,"Аналитика, выявляющая, на каком этапе менеджеры «сливают» допродажи.",«Конструктор аналитики» и «Возможность кастомизации дэшбордов»,"Прозрачная отчетность: вы видите, на каком конкретном этапе менеджеры «сливают» допродажи",Рост маржинальности сделок и выполнение планов по «допам».
,,,,,,Руководитель отдела продаж,"Тратит по 10 часов в неделю на ролевки, отвлекаясь от управления продажами.",,"Автоматизировать проверку того, как новички знают комплектации и финансовые продукты.","ИИ-тренер, который заменяет ручное наставничество и «проигрывает» сценарии с менеджерами.",«Назначение тренировок с ИИ-тренером»,"ИИ-наставник заменяет ручное наставничество, освобождая время руководителя для управления",Экономия 10 часов времени в неделю; быстрый выход новичков на линию.
,,,,,,Руководитель группы продаж,Менеджеры боятся возражений по цене и «сдаются» при первом отказе клиента.,,Безопасная среда для тренировки настойчивости и экспертности.,Реалистичные сценарии с «вредными» покупателями для утренних разминок.,«Методологии поведения клиентов по отраслям»,Реалистичные сценарии с «вредными» покупателями авто для ежедневных разминок — команда выходит в шоурум «заряженной»,Команда выходит в шоурум «заряженной» и готовой к любым возражениям.
,,,,,,HR-Директор (HRD),Дорогой найм сотрудников с высокими зарплатными ожиданиями (130к+).,,Объективный отсев кандидатов на этапе воронки найма.,Использование тренажера как этапа проверки коммуникативных навыков кандидата.,«Использование в рекрутинге (Тест-колл)»,"Автоматический отсев: кандидат проходит звонок с ИИ-покупателем, а вы видите его балл за настойчивость до приема в штат","Снижение стоимости найма; в штат попадают только те, кто умеет убеждать"
,,,,,,Руководитель отдела обучения (L&D),LMS-тесты не учат продавать автомобиль голосом; сотрудники скучают на лекциях.,,"Навыковый тренинг, имитирующий реальный диалог в автосалоне.",Голосовой симулятор для отработки презентаций и работы с возражениями.,«Автоматическое создание roadmap (плана развития) для менеджеров»,Система сама строит путь обучения на основе реальных провалов менеджера в переговорах в салоне,Рост вовлеченности в обучение и реальный навык переговоров у команды.
,,,,,,Директор корпоративного университета,Сложно масштабировать обучение на все дилерские центры сети.,,Единый технологический «движок» для масштабирования стандартов сервиса.,Платформа с централизованным управлением сценариями и аналитикой по всей сети.,«Актуализация ролей в рамках платформы и разграничение филиалов»,Централизованное управление скриптами и аналитикой по всей распределенной сети центров из одного кабинета,Единый «голос бренда» и высокий CSI во всех точках продаж
,,,,,,Директор по ИИ,Внутренние разработки тренажеров для автобизнеса стоят дорого и долго внедряются.,,"Готовый продукт, который можно запустить за несколько дней.",Быстро внедряемое решение с гибкой настройкой под конкретные модели авто и акции.,«Автогенерация промтов» и «Реализовать контекст по продукту компании»,"Быстро внедряемое решение, которое легко наполняется спецификой ваших моделей авто и акций",Успешный запуск ИИ-кейса с измеримым результатом в короткие сроки.
,,,,,,Менеджер по инновациям,Попытки внедрить VR-обучение провалились из-за дороговизны оборудования (очков).,,Найти доступную альтернативу VR с тем же эффектом погружения.,"Голосовой AI-тренажер, работающий в браузере на любом ПК или планшете.",«Реализация тренировок видео-звонков»,Эффект глубокого погружения (как в VR) через браузер на любом ПК или планшете без покупки оборудования,Масштабирование инновации на всех менеджеров сети при низких затратах.
Сложный B2B и SaaS,"Длинный цикл сделки и «слив» экспертности Менеджеры-новички очень долго входят в процесс (в корпорациях за месяц осваивается лишь 10% знаний о продукте) и «сжигают» дорогие лиды на этапе первой демонстрации или квалификации, не умея донести ценность сложного решения","Отработка «Value Talk» и сложных демо Компании нуждаются в инструменте для тренировки нелинейных сценариев, проведения презентаций и работы с возражениями на уровне эксперта, а не простого оператора.","Голосовой AI-симулятор с конструктором сценариев Платформа, которая позволяет моделировать диалоги с разными психотипами клиентов (аналитик, скептик, стратег) и автоматически назначать тренировки на основе ошибок в реальных звонках (замкнутый цикл обучения)",«Замкнутый цикл обучения» (автоматический импорт реальных звонков → AI-анализ → авто-генерация тренировок на основе ошибок),"Сокращение Ramp-up Time и рост конверсии Срок окупаемости сотрудника сокращается в 2 раза, а менеджеры начинают чаще закрывать сложные сделки благодаря наработанной «мышечной памяти» в общении с ЛПР",Собственник / Основатель,"Потеря прибыли из-за «сырых» менеджеров, которые не могут продать инновацию; высокие затраты на ФОТ тренеров.",,Масштабирование без потери качества; защита инвестиций в разработку продукта.,"Единая система обучения, гарантирующая, что менеджеры знают продукт так же хорошо, как создатели.",«Масштабируемая платформа (Безлимит по сотрудникам и минутам)»,Безопасность бизнеса: Стабильный рост без личного участия владельца в обучении,"Безопасность бизнеса; уверенность в том, что отдел продаж адекватно представляет бренд на рынке."
,,,,,,Коммерческий директор,Невозможность точно спрогнозировать выручку; субъективная оценка готовности менеджеров к звонкам.,,Оцифровка навыков команды; рост конверсии из демо в контракт.,Аналитика прогресса по каждому сотруднику и автоматическое выявление зон роста.,«Конструктор аналитики» и «Возможность кастомизации дэшбордов»,Прозрачность: Вы видите реальную готовность каждого менеджера закрывать сделки.,Рост продаж на 12–18%; прозрачная воронка и предсказуемый доход.
,,,,,,Руководитель отдела продаж,Тратит по 10 часов в неделю на рутинные ролевки; экспертное время уходит на объяснение базы новичкам.,,"Разгрузить себя от обучения; автоматизировать отработку конкретных этапов скрипта (возражения, презентация).","Цифровой двойник-наставник, который забирает на себя 80% тренировочной работы.",«Назначение тренировок с ИИ-тренером»,Экономия времени: РОП освобождается от рутины для дожима VIP-сделок,Экономия времени (до 10 ч/нед); возможность сфокусироваться на дожиме крупных сделок.
,,,,,,Руководитель группы продаж,Менеджеры «зависают» на сложных вопросах ИТ-директоров; новички боятся звонить ЛПР.,,"Безопасная «песочница» для тренировки общения с разными типами ЛПР (скептики, аналитики).","Реалистичные диалоги с ИИ-аватарами, имитирующими поведение реальных заказчиков.",«Методологии поведения клиентов по отраслям»,Уверенность: Команда выходит на линию подготовленной к общению с «жесткими» заказчиками,Снижение страха звонков; менеджеры выходят на линию уверенными и подготовленными
,,,,,,HR-Директор (HRD),"Сложно оценить, сможет ли кандидат продавать сложный софт, до его выхода на работу.",,Инструмент для объективного отсева кандидатов через «тест-драйв» экспертного звонка.,Использование тренажера в рекрутинге как фильтра для оценки навыков коммуникации.,«Использование в рекрутинге (Тест-колл)»,"Качество найма: В штат попадают только те, кто прошел «тест-драйв» экспертного звонка",Снижение рисков найма «слабых» кадров; экономия бюджета на подбор
,,,,,,Руководитель отдела обучения (L&D),SMS-тренинги и тесты не учат говорить и проводить демо; низкая вовлеченность в обучение.,,Переход от теории к голосовой практике; персональное обучение по «запавшим» зонам.,"ИИ-тренер, который дает мгновенную обратную связь после каждого диалога.",«Автоматическое создание roadmap (плана развития)»,Эффективный онбординг: Персональное обучение по «запавшим» зонам конкретного менеджера,Эффективный онбординг; реальное изменение поведения менеджеров в «поле»
,,,,,,Директор корпоративного университета,Сложность масштабирования обучения сложным Soft Skills на сотни сотрудников.,,"Гибкий технологический «движок», на который можно наложить свою методологию.","Платформа с открытым API и конструктором, готовая к глубокой кастомизации под стандарты компании.",«Актуализация ролей в рамках платформы и разграничение филиалов»,Единый стандарт: Технологическое лидерство и единый «голос бренда» во всей компании,Единый стандарт обучения в масштабах всей организации; технологическое лидерство
,,,,,,Директор по ИИ,Провал внутренних проектов из-за нехватки команд; фрустрация от медлительности разработки.,,"Готовое решение с рынка, которое можно быстро запилотировать и показать результат.",Быстро внедряемая платформа с реалистичным распознаванием речи и гибкими промптами.,«Автогенерация промтов» и «Реализовать контекст по продукту компании»,"Быстрый успех: Запуск работающего ИИ-кейса за недели, а не годы разработки",Демонстрация успеха ИИ-инициативы за недели; экономия ресурсов на внутреннюю разработку
,,,,,,Менеджер по инновациям,Предыдущие попытки (VR) были дорогими и немасштабируемыми; зависимость от оборудования.,,"Найти доступную альтернативу, дающую эффект изменения поведения без спец. очков.","Голосовой AI-тренажер, работающий через браузер и обеспечивающий эффект погружения.",«Реализация тренировок видео-звонков»,"Масштабируемая инновация: Тот же эффект погружения, что в VR, но доступный в браузере",Успешное масштабирование инновационной технологии на 100% штата.
Ритейл и E-commerce,"«Слив» высокомаржинальных допов и роботизированная речь Менеджеры часто работают как «справочное бюро», отвечая только на прямые вопросы, и намеренно игнорируют предложение аксессуаров или страховок (VAS), чтобы «не спугнуть» клиента. Использование заезженных клише («Чем я могу вам помочь?») вызывает раздражение у покупателей, которые часто приходят за покупкой, уже изучив товар в интернете","Масштабируемое обучение без отрыва от торгового зала Традиционные «ролевки» отвлекают персонал от работы с покупателями, а живые наставники не могут имитировать «токсичных» или «сложных» клиентов для всей массы сотрудников (особенно перед сезонами и запусками). Компании нужен инструмент, дающий эффект погружения (как VR), но работающий в браузере и доступный тысячам удаленных сотрудников и курьеров","Голосовой AI-симулятор экспертных продаж Lexis Voice позволяет отрабатывать «скрипт на отказ» или презентацию дорогого продукта сотни раз в безопасной среде. ИИ моделирует разные психотипы покупателей, обучая менеджеров не просто «читать с листа», а проводить «Value Talk» (разговор о ценности) и уверенно предлагать допуслуги",«Замкнутый цикл обучения» (автоматический импорт реальных звонков → AI-анализ → авто-генерация тренировок на основе ошибок),Рост среднего чека и окупаемость за один сезон Внедрение позволяет поднять продажи на 6 п.п. и сократить период адаптации (ramp-up time) в 2 раза. За счет автоматизации роли наставника компания получает короткий срок окупаемости инвестиций (6–8 месяцев) и единый стандарт сервиса во всех точках контакта,Собственник / Основатель,Гипертрофированная зависимость от дефицитного персонала; слив маржи из-за плохих продаж.,,Масштабирование бизнеса без потери качества сервиса и раздувания ФОТ тренеров.,"Система, гарантирующая «прошивку» стандартов бренда в подсознание каждого сотрудника.",Масштабируемая платформа (Безлимит по сотрудникам и минутам),Система гарантирует «прошивку» стандартов бренда в подсознание каждого из тысяч сотрудников одновременно,Безопасность бизнеса; защита инвестиций в маркетинг за счет высокой конверсии
,,,,,,Коммерческий директор,"Упущенная выгода: основная маржа заложена в VAS, но менеджеры их не предлагают.",,Оцифровка навыков команды; рост выручки на одного сотрудника.,Автоматический скоринг по чек-листу и аналитика «западающих» зон в продажах.,Конструктор аналитики и Возможность кастомизации дэшбордов,"Автоматический скоринг по чек-листу показывает, на каком этапе менеджеры «сливают» допродажи",Рост продаж на 12–18%; прозрачная аналитика по всей сети
,,,,,,Руководитель отдела продаж,Перегрузка: тратит по 10 часов в неделю на рутинные тренировки новичков.,,Освобождение времени от однотипных «ролевок»; контроль качества речи в масштабе.,"Цифровой двойник-наставник, забирающий на себя 80% тренировочной работы.",Назначение тренировок с ИИ-тренером,"Цифровой двойник-наставник берет на себя 80% тренировочной работы, обучая новичков базе до выхода в зал",Экономия времени (10 ч/нед); возможность сфокусироваться на дожиме крупных сделок
,,,,,,Руководитель группы продаж,Менеджеры боятся «дорогого чека» и сложных клиентов; «удаленный хаос» на надомных операторах.,,Безопасная «песочница» для тренировки эмпатии и деэскалации конфликтов.,"Реалистичные диалоги с эмоциональными ИИ-клиентами (раздраженные, скептики).",Уведомления и триггеры для руководителей с аналитикой и «красными зонами»,"Система мгновенно сигнализирует о критических ошибках удаленщиков, позволяя вовремя вмешаться",Снижение страха звонков; операторы выходят на линию «готовыми молоть языком»
,,,,,,HR-Директор (HRD),Острый дефицит кадров; высокая стоимость найма и текучка перед праздниками.,,Объективный отсев кандидатов на входе через автоматический «тест-драйв» звонка.,Использование тренажера как фильтра в воронке рекрутинга (оценка навыков до найма).,Использование в рекрутинге (Тест-колл),"Автоматический фильтр в воронке найма: кандидат проходит звонок с ИИ, а вы видите его балл за эмпатию",Снижение стоимости найма; повышение качества стажеров на входе
,,,,,,Руководитель отдела обучения (L&D),"LMS-тесты вызывают отторжение; сотрудники знают теорию, но не умеют говорить.",,Переход от «токсичного позитива» к практическому навыковому тренингу.,"Голосовой симулятор для отработки реальных возражений («я подумаю», «дорого»).",Автоматическое создание roadmap (плана развития) для менеджеров,ИИ сам формирует план тренировок для курьера или продавца на основе его реальных «залетов» в диалогах,Эффективный онбординг (сокращение в 2 раза); реальное изменение поведения в торговом зале
,,,,,,Директор корпоративного университета,Невозможность масштабировать стандарты на тысячи курьеров и операторов.,,Единая технологическая платформа для стандартизации качества во всей сети.,"Платформа с поддержкой SSO, API и iSpring для бесшовной интеграции в экосистему.",Актуализация ролей в рамках платформы и разграничение филиалов,Централизованное управление скриптами и качеством речи тысяч сотрудников из единого кабинета,Единый «голос бренда»; сокращение издержек на обучение в долгосрочной перспективе
,,,,,,Директор по ИИ,Внутренние ИИ-разработки идут медленно или «не стартуют» из-за нехватки команд.,,Готовый продукт с рынка для быстрой демонстрации успеха ИИ-стратегии.,"Гибкий «движок» Lexis Voice, готовый к кастомизации под любую методологию.",Упаковка интеграции по api ключу,Готовое решение для быстрой интеграции в текущий ИТ-контур компании без написания кода с нуля,Запуск «пилота» за несколько дней; экономия ресурсов на собственную разработку
,,,,,,Менеджер по инновациям,Предыдущие VR-решения были слишком дорогими и немасштабируемыми.,,Найти доступную альтернативу VR с тем же эффектом долгосрочного закрепления навыков.,"Голосовой AI-тренажер, работающий в браузере на любом устройстве без доп. оборудования.",Реализация тренировок видео-звонков,Эффект погружения в диалог через обычный браузер без необходимости закупки очков для всего штата,Успешное масштабирование инновации на весь штат с прозрачным ROI
"Профессиональные услуги (Консалтинг, Юристы, Маркетинг)
","Продажа «воздуха» и слив экспертности Менеджеры-новички часто не могут донести ценность сложной услуги и скатываются в обсуждение цены, работая как «справочное бюро». Это ведет к потере дорогих B2B-лидов на этапе первичной консультации и затягиванию цикла сделки","Отработка навыков диагностики и «Value Talk» Компании нуждаются в инструменте для тренировки нелинейных сценариев, где важно не просто читать скрипт, а выявлять скрытые потребности ЛПР и демонстрировать глубокую экспертизу","Голосовой AI-симулятор экспертных диалогов Lexis Voice моделирует общение с разными психотипами ЛПР (скептичный финдиректор, амбициозный собственник), позволяя менеджерам наработать «мышечную память» экспертных переговоров в безопасной среде","«Замкнутый цикл обучения» (автоматический импорт реальных звонков → AI-анализ → авто-назначение тренировки именно на те этапы диагностики, которые были провалены)",Рост конверсии в контракт и стандартизация качества Срок выхода консультантов на плановые показатели сокращается в 2 раза. Компания получает единый стандарт презентации своих услуг и рост выручки на 12–18% за счет повышения качества каждого звонка,Собственник / Основатель,Экспертиза не масштабируется; бизнес зависит от 1–2 «звезд» продаж.,,"Система, способная тиражировать «золотой стандарт» общения фаундера на всю команду.","Автоматизация обучения, которая «прошивает» методологию компании в каждого сотрудника.",«Масштабируемая платформа (Безлимит по сотрудникам и минутам)».,"Система тиражирует «золотой стандарт» общения фаундера на всю команду, обеспечивая стабильный рост без личного участия владельца",Безопасность бизнеса; стабильный рост без личного участия владельца в обучении
,,,,,,Коммерческий директор,Высокий CAC (стоимость лида) при непрозрачной конверсии на этапе диагностики.,,"Оцифровка навыков команды; понимание, почему «сливаются» крупные контракты.","Аналитика 25 параметров диалога, выявляющая слабые зоны в презентации ценности.",«Конструктор аналитики» и «Возможность кастомизации дэшбордов».,"Оцифровка навыков команды позволяет точно видеть, на каком этапе «сливаются» крупные контракты, и прогнозировать выручку",Рост продаж на 12–18%; предсказуемость выручки в B2B-воронке
,,,,,,Руководитель отдела продаж,"Тратит по 10 часов в неделю на «ролевки», объясняя нюансы сложных услуг.",,Избавиться от рутины; автоматизировать проверку знаний продукта и скриптов.,"Цифровой двойник-наставник, забирающий на себя 80% тренировочной нагрузки.",«Назначение тренировок с ИИ-тренером».,"Система становится «цифровым двойником» РОПа, забирая 80% рутины обучения и освобождая время для дожима VIP-сделок",Экономия времени РОПа; фокус на дожиме VIP-сделок
,,,,,,Руководитель группы продаж,Новички боятся звонить топ-менеджерам компаний-клиентов и «заикаются» на возражениях.,,Безопасная песочница для отработки наглости и уверенности в голосе.,"ИИ-клиенты, имитирующие жестких ЛПР, которые «не подыгрывают» менеджеру.",«Методологии поведения клиентов по отраслям».,"ИИ-клиенты имитируют жестких ЛПР (скептиков, стратегов), которые «не подыгрывают», делая менеджеров уверенными экспертами уже с первой недели.",Менеджеры выходят на линию уверенными экспертами уже с первой недели
,,,,,,HR-Директор (HRD),"Сложно найти людей, способных продавать сложную интеллектуальную услугу.",,Инструмент для объективного отсева кандидатов через «тест-драйв» звонка.,Использование тренажера в найме для оценки Soft Skills и логики речи до приема в штат.,«Использование в рекрутинге (Тест-колл)».,Автоматический отсев через «тест-драйв» звонка позволяет нанимать только потенциальных «топов» с развитыми Soft Skills.,Снижение стоимости найма; в команде остаются только потенциальные «топы»
,,,,,,Руководитель отдела обучения (L&D),Традиционные тесты не учат вести переговоры; низкая вовлеченность сотрудников.,,Переход от теории к практическому навыковому тренингу голосом.,Персонализированные тренировки на основе ошибок в реальных звонках сотрудника.,«Автоматическое создание roadmap (плана развития)».,Переход к практическому тренингу голосом; ИИ сам строит путь обучения на основе реальных «провалов» сотрудника в «полях»,Высокая эффективность обучения; реальное изменение речевого поведения в «полях»
,,,,,,Директор корпоративного университета,Сложность стандартизации обучения Soft Skills в распределенных командах.,,Гибкий технологический «движок» для масштабирования уникальной методологии.,"Платформа с открытым API, конструктором и поддержкой стандартов корпоративного обучения.",«Актуализация ролей в рамках платформы и разграничение филиалов».,Единый «голос бренда» и технологическое лидерство в обучении во всей организации через гибкий технологический «движок»,Единый «голос бренда» во всей компании; технологическое лидерство в обучении
,,,,,,Директор по ИИ,Внутренние разработки тренажеров идут медленно и стоят дорого.,,"Готовый рыночный продукт, который можно быстро внедрить и показать результат.",Быстро внедряемое решение с реалистичным синтезом речи и гибкой настройкой сценариев.,«Автогенерация промтов» и «Реализовать контекст по продукту компании».,Быстрый запуск работающего ИИ-кейса за недели; демонстрация успеха инноваций руководству без затрат на инхаус-разработку.,Успешный запуск ИИ-инициативы за несколько недель вместо месяцев разработки
,,,,,,Менеджер по инновациям,Обучение через VR слишком дорогое и сложное для масштабирования.,,"Найти доступную альтернативу VR, дающую долгосрочный эффект изменения поведения.","Голосовой AI-тренажер, работающий в браузере и имитирующий реальность без спец. оборудования.",«Реализация тренировок видео-звонков».,Масштабируемая альтернатива VR: эффект полного погружения в нелинейный диалог доступен через обычный браузер с прозрачным ROI.,Масштабирование инновации на весь штат с прозрачным и быстрым ROI